{"cameraMode":{"drawMode":0,"name":"Shaded","section":"Shading Mode"},"sceneLighting":false,"audioPlay":false,"sceneViewState":{"m_AlwaysRefresh":false,"showFog":true,"showSkybox":false,"showFlares":true,"showImageEffects":true,"showParticleSystems":true,"showVisualEffectGraphs":true,"m_FxEnabled":true},"in2DMode":false,"pivot":{"x":-1.4147289991378785,"y":1.6854987144470215,"z":1.4393680095672608},"rotation":{"x":0.07928121089935303,"y":0.8495752215385437,"z":-0.13361844420433045,"w":0.5040760636329651},"size":1.3389860391616822,"orthographic":false}