{"cameraMode":{"drawMode":0,"name":"Shaded","section":"Shading Mode"},"sceneLighting":false,"audioPlay":false,"sceneViewState":{"m_AlwaysRefresh":false,"showFog":true,"showSkybox":false,"showFlares":true,"showImageEffects":true,"showParticleSystems":true,"showVisualEffectGraphs":true,"m_FxEnabled":true},"in2DMode":false,"pivot":{"x":-0.43475794792175295,"y":2.777510643005371,"z":1.2958354949951172},"rotation":{"x":-0.05292234197258949,"y":0.9440386891365051,"z":-0.26584962010383608,"w":-0.18792861700057984},"size":1.4616395235061646,"orthographic":false}